Experiment, Sample, Type,  Number of Nodes, Best Know Solution, Random route Solution, QBSolv classic, QBSolv classic full TSP, QB classic time 
1,burma14,TSP,14,3323,6672.153846153846,3155,3553,5.181344509124756
2,burma14,TSP,14,3323,6672.153846153846,3389,3787,3.8435864448547363
3,burma14,TSP,14,3323,6672.153846153846,3625,4023,3.767693281173706
4,burma14,TSP,14,3323,6672.153846153846,3115,3513,3.9448039531707764
5,burma14,TSP,14,3323,6672.153846153846,3498,3896,4.362231492996216
6,burma14,TSP,14,3323,6672.153846153846,3570,3968,7.964309453964233
7,burma14,TSP,14,3323,6672.153846153846,3513,3911,4.71607232093811
8,burma14,TSP,14,3323,6672.153846153846,3420,3818,4.658847808837891
9,burma14,TSP,14,3323,6672.153846153846,3679,4077,4.752676963806152
10,burma14,TSP,14,3323,6672.153846153846,3523,3921,4.249765872955322
11,burma14,TSP,14,3323,6672.153846153846,3515,3913,6.0195066928863525
12,burma14,TSP,14,3323,6672.153846153846,3162,3560,5.127609491348267
13,burma14,TSP,14,3323,6672.153846153846,3547,3945,4.262121915817261
14,burma14,TSP,14,3323,6672.153846153846,3172,3570,4.0841686725616455
15,burma14,TSP,14,3323,6672.153846153846,3261,3659,4.28629207611084
16,burma14,TSP,14,3323,6672.153846153846,3321,3719,3.781810760498047
17,burma14,TSP,14,3323,6672.153846153846,3350,3748,3.843208074569702
18,burma14,TSP,14,3323,6672.153846153846,3404,3802,5.123061180114746
19,burma14,TSP,14,3323,6672.153846153846,3383,3781,4.467262029647827
20,burma14,TSP,14,3323,6672.153846153846,3536,3934,3.6391496658325195
21,burma14,TSP,14,3323,6672.153846153846,3508,3906,6.007805824279785
22,burma14,TSP,14,3323,6672.153846153846,3133,3531,4.98121190071106
23,burma14,TSP,14,3323,6672.153846153846,3539,3937,5.253896951675415
24,burma14,TSP,14,3323,6672.153846153846,3277,3675,3.695908546447754
25,burma14,TSP,14,3323,6672.153846153846,3239,3637,5.2340521812438965
26,burma14,TSP,14,3323,6672.153846153846,3481,3879,3.793945550918579
27,burma14,TSP,14,3323,6672.153846153846,3100,3498,3.9345004558563232
28,burma14,TSP,14,3323,6672.153846153846,3407,3805,4.227419376373291
29,burma14,TSP,14,3323,6672.153846153846,3280,3678,6.187395334243774
30,burma14,TSP,14,3323,6672.153846153846,3306,3704,4.58687686920166
31,burma14,TSP,14,3323,6672.153846153846,3504,3902,4.108059406280518
32,burma14,TSP,14,3323,6672.153846153846,3601,3999,4.376920700073242
33,burma14,TSP,14,3323,6672.153846153846,3360,3758,4.982162237167358
34,burma14,TSP,14,3323,6672.153846153846,3132,3530,4.260874271392822
35,burma14,TSP,14,3323,6672.153846153846,3326,3724,4.104743480682373
36,burma14,TSP,14,3323,6672.153846153846,3122,3520,3.851644277572632
37,burma14,TSP,14,3323,6672.153846153846,3330,3728,4.273327827453613
38,burma14,TSP,14,3323,6672.153846153846,3333,3731,3.7136878967285156
39,burma14,TSP,14,3323,6672.153846153846,3428,3826,6.777817726135254
40,burma14,TSP,14,3323,6672.153846153846,3473,3871,3.998481035232544
41,burma14,TSP,14,3323,6672.153846153846,3242,3640,4.757289886474609
42,burma14,TSP,14,3323,6672.153846153846,3206,3604,4.172476291656494
43,burma14,TSP,14,3323,6672.153846153846,3234,3632,3.9924378395080566
44,burma14,TSP,14,3323,6672.153846153846,3239,3637,3.7391304969787598
45,burma14,TSP,14,3323,6672.153846153846,3357,3755,4.757160663604736
46,burma14,TSP,14,3323,6672.153846153846,3576,3974,3.556987762451172
47,burma14,TSP,14,3323,6672.153846153846,3155,3553,5.153386354446411
48,burma14,TSP,14,3323,6672.153846153846,3461,3859,4.891091823577881
49,burma14,TSP,14,3323,6672.153846153846,3492,3890,4.3603456020355225
50,burma14,TSP,14,3323,6672.153846153846,3487,3885,4.563492059707642
51,burma14,TSP,14,3323,6672.153846153846,3614,4012,4.329243183135986
52,burma14,TSP,14,3323,6672.153846153846,3477,3875,4.137503623962402
53,burma14,TSP,14,3323,6672.153846153846,3457,3855,4.1701812744140625
54,burma14,TSP,14,3323,6672.153846153846,3475,3873,4.732930898666382
55,burma14,TSP,14,3323,6672.153846153846,3508,3906,5.11147141456604
56,burma14,TSP,14,3323,6672.153846153846,3405,3803,4.427423000335693
57,burma14,TSP,14,3323,6672.153846153846,3484,3882,4.226050853729248
58,burma14,TSP,14,3323,6672.153846153846,3446,3844,4.38334321975708
59,burma14,TSP,14,3323,6672.153846153846,3429,3827,4.02503776550293
60,burma14,TSP,14,3323,6672.153846153846,3446,3844,5.705202579498291
61,burma14,TSP,14,3323,6672.153846153846,3245,3643,5.130908012390137
62,burma14,TSP,14,3323,6672.153846153846,3195,3593,5.197048187255859
63,burma14,TSP,14,3323,6672.153846153846,3110,3508,4.866868257522583
64,burma14,TSP,14,3323,6672.153846153846,3282,3680,3.7488152980804443
65,burma14,TSP,14,3323,6672.153846153846,3543,3941,3.4503514766693115
66,burma14,TSP,14,3323,6672.153846153846,3361,3759,5.199918985366821
67,burma14,TSP,14,3323,6672.153846153846,3473,3871,4.450975656509399
68,burma14,TSP,14,3323,6672.153846153846,3132,3530,3.604668140411377
69,burma14,TSP,14,3323,6672.153846153846,3522,3920,3.7985308170318604
70,burma14,TSP,14,3323,6672.153846153846,3110,3508,4.088846921920776
71,burma14,TSP,14,3323,6672.153846153846,3201,3599,4.6263957023620605
72,burma14,TSP,14,3323,6672.153846153846,3587,3985,4.231051921844482
73,burma14,TSP,14,3323,6672.153846153846,3394,3792,7.306402683258057
74,burma14,TSP,14,3323,6672.153846153846,3378,3776,4.349875450134277
75,burma14,TSP,14,3323,6672.153846153846,3510,3908,4.819355010986328
76,burma14,TSP,14,3323,6672.153846153846,3242,3640,4.79522967338562
77,burma14,TSP,14,3323,6672.153846153846,3376,3774,4.280744314193726
78,burma14,TSP,14,3323,6672.153846153846,3471,3869,4.232992887496948
79,burma14,TSP,14,3323,6672.153846153846,3394,3792,4.376672744750977
80,burma14,TSP,14,3323,6672.153846153846,3138,3536,4.45400071144104
81,burma14,TSP,14,3323,6672.153846153846,3345,3743,4.169472694396973
82,burma14,TSP,14,3323,6672.153846153846,3262,3660,4.880185604095459
83,burma14,TSP,14,3323,6672.153846153846,3589,3987,4.233394145965576
84,burma14,TSP,14,3323,6672.153846153846,3483,3881,4.252763986587524
85,burma14,TSP,14,3323,6672.153846153846,3335,3733,4.391023397445679
86,burma14,TSP,14,3323,6672.153846153846,3260,3658,5.12102746963501
87,burma14,TSP,14,3323,6672.153846153846,3487,3885,4.228729009628296
88,burma14,TSP,14,3323,6672.153846153846,3426,3824,4.451333999633789
89,burma14,TSP,14,3323,6672.153846153846,3178,3576,5.1368513107299805
90,burma14,TSP,14,3323,6672.153846153846,3230,3628,4.168558597564697
91,burma14,TSP,14,3323,6672.153846153846,3331,3729,4.633623123168945
92,burma14,TSP,14,3323,6672.153846153846,3622,4020,4.505347967147827
93,burma14,TSP,14,3323,6672.153846153846,3110,3508,5.5143632888793945
94,burma14,TSP,14,3323,6672.153846153846,3324,3722,6.339250087738037
95,burma14,TSP,14,3323,6672.153846153846,3455,3853,4.4701926708221436
96,burma14,TSP,14,3323,6672.153846153846,3495,3893,4.424907445907593
97,burma14,TSP,14,3323,6672.153846153846,3135,3533,4.7105021476745605
98,burma14,TSP,14,3323,6672.153846153846,3396,3794,4.582690000534058
99,burma14,TSP,14,3323,6672.153846153846,3308,3706,4.397167444229126
100,burma14,TSP,14,3323,6672.153846153846,3386,3784,4.100487947463989
101,ulysses22,TSP,22,7013,14809.61904761905,7054,7256,6.973490476608276
102,ulysses22,TSP,22,7013,14809.61904761905,7018,7220,5.71572208404541
103,ulysses22,TSP,22,7013,14809.61904761905,6515,6717,6.058919429779053
104,ulysses22,TSP,22,7013,14809.61904761905,6744,6946,6.149441957473755
105,ulysses22,TSP,22,7013,14809.61904761905,6775,6977,5.73708701133728
106,ulysses22,TSP,22,7013,14809.61904761905,6361,6563,5.510562181472778
107,ulysses22,TSP,22,7013,14809.61904761905,6581,6783,5.462220191955566
108,ulysses22,TSP,22,7013,14809.61904761905,6787,6989,6.337010622024536
109,ulysses22,TSP,22,7013,14809.61904761905,6886,7088,6.01658034324646
110,ulysses22,TSP,22,7013,14809.61904761905,6692,6894,5.544574022293091
111,ulysses22,TSP,22,7013,14809.61904761905,6994,7196,5.488575458526611
112,ulysses22,TSP,22,7013,14809.61904761905,6359,6561,7.73322606086731
113,ulysses22,TSP,22,7013,14809.61904761905,6133,6335,6.840981483459473
114,ulysses22,TSP,22,7013,14809.61904761905,6700,6902,7.190117835998535
115,ulysses22,TSP,22,7013,14809.61904761905,6762,6964,5.757156610488892
116,ulysses22,TSP,22,7013,14809.61904761905,7134,7336,6.47288703918457
117,ulysses22,TSP,22,7013,14809.61904761905,6754,6956,7.6618547439575195
118,ulysses22,TSP,22,7013,14809.61904761905,6962,7164,5.9734978675842285
119,ulysses22,TSP,22,7013,14809.61904761905,6742,6944,5.3339738845825195
120,ulysses22,TSP,22,7013,14809.61904761905,6836,7038,5.565861225128174
121,ulysses22,TSP,22,7013,14809.61904761905,7070,7272,7.114526987075806
122,ulysses22,TSP,22,7013,14809.61904761905,6048,6250,5.4523024559021
123,ulysses22,TSP,22,7013,14809.61904761905,6554,6756,7.281830549240112
124,ulysses22,TSP,22,7013,14809.61904761905,7130,7332,5.303009748458862
125,ulysses22,TSP,22,7013,14809.61904761905,6772,6974,5.067961692810059
126,ulysses22,TSP,22,7013,14809.61904761905,6837,7039,8.222708463668823
127,ulysses22,TSP,22,7013,14809.61904761905,7329,7531,5.600021123886108
128,ulysses22,TSP,22,7013,14809.61904761905,6700,6902,7.540004730224609
129,ulysses22,TSP,22,7013,14809.61904761905,7056,7258,6.9987170696258545
130,ulysses22,TSP,22,7013,14809.61904761905,6751,6953,6.606643915176392
131,ulysses22,TSP,22,7013,14809.61904761905,6558,6760,7.3497514724731445
132,ulysses22,TSP,22,7013,14809.61904761905,6469,6671,7.478468894958496
133,ulysses22,TSP,22,7013,14809.61904761905,6826,7028,6.9792561531066895
134,ulysses22,TSP,22,7013,14809.61904761905,6604,6806,8.401127576828003
135,ulysses22,TSP,22,7013,14809.61904761905,6653,6855,6.985046148300171
136,ulysses22,TSP,22,7013,14809.61904761905,6990,7192,6.677338361740112
137,ulysses22,TSP,22,7013,14809.61904761905,6822,7024,6.90664529800415
138,ulysses22,TSP,22,7013,14809.61904761905,6994,7196,6.409889459609985
139,ulysses22,TSP,22,7013,14809.61904761905,6866,7068,7.647164583206177
140,ulysses22,TSP,22,7013,14809.61904761905,6930,7132,7.324384450912476
141,ulysses22,TSP,22,7013,14809.61904761905,7138,7340,8.571974992752075
142,ulysses22,TSP,22,7013,14809.61904761905,6962,7164,7.62496280670166
143,ulysses22,TSP,22,7013,14809.61904761905,6510,6712,7.349535703659058
144,ulysses22,TSP,22,7013,14809.61904761905,6675,6877,6.661946773529053
145,ulysses22,TSP,22,7013,14809.61904761905,6927,7129,7.196113109588623
146,ulysses22,TSP,22,7013,14809.61904761905,6604,6806,7.236454010009766
147,ulysses22,TSP,22,7013,14809.61904761905,6821,7023,7.276796817779541
148,ulysses22,TSP,22,7013,14809.61904761905,6738,6940,7.710746765136719
149,ulysses22,TSP,22,7013,14809.61904761905,6854,7056,6.975558042526245
150,ulysses22,TSP,22,7013,14809.61904761905,7130,7332,6.678822755813599
151,ulysses22,TSP,22,7013,14809.61904761905,6800,7002,6.155855417251587
152,ulysses22,TSP,22,7013,14809.61904761905,6782,6984,8.662214756011963
153,ulysses22,TSP,22,7013,14809.61904761905,7169,7371,6.653034210205078
154,ulysses22,TSP,22,7013,14809.61904761905,6916,7118,6.761563301086426
155,ulysses22,TSP,22,7013,14809.61904761905,6721,6923,11.638737916946411
156,ulysses22,TSP,22,7013,14809.61904761905,7007,7209,7.424171209335327
157,ulysses22,TSP,22,7013,14809.61904761905,7314,7516,6.938093423843384
158,ulysses22,TSP,22,7013,14809.61904761905,6665,6867,14.965536117553711
159,ulysses22,TSP,22,7013,14809.61904761905,6767,6969,9.537578582763672
160,ulysses22,TSP,22,7013,14809.61904761905,6580,6782,9.336538314819336
161,ulysses22,TSP,22,7013,14809.61904761905,6485,6687,8.58712649345398
162,ulysses22,TSP,22,7013,14809.61904761905,6665,6867,8.554357290267944
163,ulysses22,TSP,22,7013,14809.61904761905,7134,7336,8.349754571914673
164,ulysses22,TSP,22,7013,14809.61904761905,6694,6896,12.136740446090698
165,ulysses22,TSP,22,7013,14809.61904761905,5867,6069,7.664490222930908
166,ulysses22,TSP,22,7013,14809.61904761905,6884,7086,9.32288908958435
167,ulysses22,TSP,22,7013,14809.61904761905,7121,7323,8.096933126449585
168,ulysses22,TSP,22,7013,14809.61904761905,6600,6802,10.506255865097046
169,ulysses22,TSP,22,7013,14809.61904761905,6925,7127,9.13849401473999
170,ulysses22,TSP,22,7013,14809.61904761905,6755,6957,10.630565404891968
171,ulysses22,TSP,22,7013,14809.61904761905,6783,6985,10.47685432434082
172,ulysses22,TSP,22,7013,14809.61904761905,7035,7237,8.489717960357666
173,ulysses22,TSP,22,7013,14809.61904761905,6584,6786,8.620275735855103
174,ulysses22,TSP,22,7013,14809.61904761905,7062,7264,6.7435431480407715
175,ulysses22,TSP,22,7013,14809.61904761905,6527,6729,6.07741904258728
176,ulysses22,TSP,22,7013,14809.61904761905,6722,6924,8.839295864105225
177,ulysses22,TSP,22,7013,14809.61904761905,6852,7054,6.685549020767212
178,ulysses22,TSP,22,7013,14809.61904761905,7054,7256,7.988795280456543
179,ulysses22,TSP,22,7013,14809.61904761905,6665,6867,6.557332754135132
180,ulysses22,TSP,22,7013,14809.61904761905,7164,7366,6.371906280517578
181,ulysses22,TSP,22,7013,14809.61904761905,6793,6995,6.8992438316345215
182,ulysses22,TSP,22,7013,14809.61904761905,6758,6960,9.614259243011475
183,ulysses22,TSP,22,7013,14809.61904761905,6934,7136,7.402187824249268
184,ulysses22,TSP,22,7013,14809.61904761905,7366,7568,6.3422205448150635
185,ulysses22,TSP,22,7013,14809.61904761905,6758,6960,8.911072015762329
186,ulysses22,TSP,22,7013,14809.61904761905,6489,6691,6.983499765396118
187,ulysses22,TSP,22,7013,14809.61904761905,6619,6821,6.967622518539429
188,ulysses22,TSP,22,7013,14809.61904761905,7250,7452,5.866840362548828
189,ulysses22,TSP,22,7013,14809.61904761905,7237,7439,5.717377424240112
190,ulysses22,TSP,22,7013,14809.61904761905,6743,6945,7.412235975265503
191,ulysses22,TSP,22,7013,14809.61904761905,6894,7096,6.884309530258179
192,ulysses22,TSP,22,7013,14809.61904761905,7149,7351,5.767356872558594
193,ulysses22,TSP,22,7013,14809.61904761905,6609,6811,7.655744314193726
194,ulysses22,TSP,22,7013,14809.61904761905,6439,6641,9.393014907836914
195,ulysses22,TSP,22,7013,14809.61904761905,7067,7269,6.2030720710754395
196,ulysses22,TSP,22,7013,14809.61904761905,7321,7523,5.76902174949646
197,ulysses22,TSP,22,7013,14809.61904761905,6781,6983,6.447023391723633
198,ulysses22,TSP,22,7013,14809.61904761905,6620,6822,10.363984823226929
199,ulysses22,TSP,22,7013,14809.61904761905,7203,7405,6.463540315628052
200,ulysses22,TSP,22,7013,14809.61904761905,6743,6945,8.724175214767456
201,bayg29,TSP,29,1610,4736.642857142858,2347,2492,15.518763065338135
202,bayg29,TSP,29,1610,4736.642857142858,2402,2547,10.0880708694458
203,bayg29,TSP,29,1610,4736.642857142858,2297,2442,10.56920337677002
204,bayg29,TSP,29,1610,4736.642857142858,2312,2457,9.800639867782593
205,bayg29,TSP,29,1610,4736.642857142858,2315,2460,12.532641172409058
206,bayg29,TSP,29,1610,4736.642857142858,2228,2373,9.930558919906616
207,bayg29,TSP,29,1610,4736.642857142858,2304,2449,12.700977087020874
208,bayg29,TSP,29,1610,4736.642857142858,2255,2400,10.222875118255615
209,bayg29,TSP,29,1610,4736.642857142858,2227,2372,10.628552436828613
210,bayg29,TSP,29,1610,4736.642857142858,2354,2499,9.18735122680664
211,bayg29,TSP,29,1610,4736.642857142858,2374,2519,10.565475225448608
212,bayg29,TSP,29,1610,4736.642857142858,2122,2267,13.965632200241089
213,bayg29,TSP,29,1610,4736.642857142858,2410,2555,9.1422119140625
214,bayg29,TSP,29,1610,4736.642857142858,2372,2517,8.825474977493286
215,bayg29,TSP,29,1610,4736.642857142858,2388,2533,8.99784517288208
216,bayg29,TSP,29,1610,4736.642857142858,2001,2146,12.138963460922241
217,bayg29,TSP,29,1610,4736.642857142858,2422,2567,9.982592105865479
218,bayg29,TSP,29,1610,4736.642857142858,2353,2498,11.557160139083862
219,bayg29,TSP,29,1610,4736.642857142858,2375,2520,8.602840185165405
220,bayg29,TSP,29,1610,4736.642857142858,2361,2506,11.617737054824829
221,bayg29,TSP,29,1610,4736.642857142858,2311,2456,8.371801376342773
222,bayg29,TSP,29,1610,4736.642857142858,2345,2490,8.455543279647827
223,bayg29,TSP,29,1610,4736.642857142858,2372,2517,8.391591310501099
224,bayg29,TSP,29,1610,4736.642857142858,2230,2375,9.584420919418335
225,bayg29,TSP,29,1610,4736.642857142858,2384,2529,8.065884828567505
226,bayg29,TSP,29,1610,4736.642857142858,2356,2501,8.858527421951294
227,bayg29,TSP,29,1610,4736.642857142858,2315,2460,9.355385303497314
228,bayg29,TSP,29,1610,4736.642857142858,2306,2451,8.676646709442139
229,bayg29,TSP,29,1610,4736.642857142858,2383,2528,8.460051774978638
230,bayg29,TSP,29,1610,4736.642857142858,2326,2471,10.413395881652832
231,bayg29,TSP,29,1610,4736.642857142858,2250,2395,10.770642757415771
232,bayg29,TSP,29,1610,4736.642857142858,2454,2599,9.246804475784302
233,bayg29,TSP,29,1610,4736.642857142858,2470,2615,8.615335702896118
234,bayg29,TSP,29,1610,4736.642857142858,2348,2493,10.309447526931763
235,bayg29,TSP,29,1610,4736.642857142858,2337,2482,8.322190761566162
236,bayg29,TSP,29,1610,4736.642857142858,2399,2544,8.465356349945068
237,bayg29,TSP,29,1610,4736.642857142858,2398,2543,8.684037685394287
238,bayg29,TSP,29,1610,4736.642857142858,2367,2512,8.94837737083435
239,bayg29,TSP,29,1610,4736.642857142858,2200,2345,9.967890739440918
240,bayg29,TSP,29,1610,4736.642857142858,2374,2519,9.036807775497437
241,bayg29,TSP,29,1610,4736.642857142858,2312,2457,11.907320499420166
242,bayg29,TSP,29,1610,4736.642857142858,2038,2183,10.14496374130249
243,bayg29,TSP,29,1610,4736.642857142858,2088,2233,12.180674314498901
244,bayg29,TSP,29,1610,4736.642857142858,2268,2413,9.520561695098877
245,bayg29,TSP,29,1610,4736.642857142858,2349,2494,14.320485353469849
246,bayg29,TSP,29,1610,4736.642857142858,2408,2553,9.30728554725647
247,bayg29,TSP,29,1610,4736.642857142858,2334,2479,13.753721714019775
248,bayg29,TSP,29,1610,4736.642857142858,2310,2455,10.604073524475098
249,bayg29,TSP,29,1610,4736.642857142858,2241,2386,9.163041114807129
250,bayg29,TSP,29,1610,4736.642857142858,2366,2511,11.035264730453491
251,bayg29,TSP,29,1610,4736.642857142858,2324,2469,9.595390796661377
252,bayg29,TSP,29,1610,4736.642857142858,2472,2617,10.433408260345459
253,bayg29,TSP,29,1610,4736.642857142858,2328,2473,11.19420838356018
254,bayg29,TSP,29,1610,4736.642857142858,2331,2476,8.550297021865845
255,bayg29,TSP,29,1610,4736.642857142858,2349,2494,9.716334104537964
256,bayg29,TSP,29,1610,4736.642857142858,2439,2584,9.030181169509888
257,bayg29,TSP,29,1610,4736.642857142858,2373,2518,13.43341875076294
258,bayg29,TSP,29,1610,4736.642857142858,2359,2504,11.302675724029541
259,bayg29,TSP,29,1610,4736.642857142858,2325,2470,9.5359046459198
260,bayg29,TSP,29,1610,4736.642857142858,2439,2584,10.582864761352539
261,bayg29,TSP,29,1610,4736.642857142858,2291,2436,12.487818956375122
262,bayg29,TSP,29,1610,4736.642857142858,2405,2550,8.670495510101318
263,bayg29,TSP,29,1610,4736.642857142858,2376,2521,8.858625888824463
264,bayg29,TSP,29,1610,4736.642857142858,2346,2491,11.477201700210571
265,bayg29,TSP,29,1610,4736.642857142858,2406,2551,9.708908796310425
266,bayg29,TSP,29,1610,4736.642857142858,2362,2507,10.682123184204102
267,bayg29,TSP,29,1610,4736.642857142858,2253,2398,13.767771482467651
268,bayg29,TSP,29,1610,4736.642857142858,2284,2429,10.154386758804321
269,bayg29,TSP,29,1610,4736.642857142858,2295,2440,9.81614899635315
270,bayg29,TSP,29,1610,4736.642857142858,2312,2457,9.394180536270142
271,bayg29,TSP,29,1610,4736.642857142858,2359,2504,9.53858757019043
272,bayg29,TSP,29,1610,4736.642857142858,2337,2482,11.492137432098389
273,bayg29,TSP,29,1610,4736.642857142858,2351,2496,13.030509233474731
274,bayg29,TSP,29,1610,4736.642857142858,2289,2434,10.40999460220337
275,bayg29,TSP,29,1610,4736.642857142858,2308,2453,11.921784400939941
276,bayg29,TSP,29,1610,4736.642857142858,2188,2333,11.004181623458862
277,bayg29,TSP,29,1610,4736.642857142858,2295,2440,10.336332559585571
278,bayg29,TSP,29,1610,4736.642857142858,2283,2428,14.35042142868042
279,bayg29,TSP,29,1610,4736.642857142858,2378,2523,12.242966890335083
280,bayg29,TSP,29,1610,4736.642857142858,2190,2335,13.855629682540894
281,bayg29,TSP,29,1610,4736.642857142858,2467,2612,10.027495861053467
282,bayg29,TSP,29,1610,4736.642857142858,2174,2319,9.778680324554443
283,bayg29,TSP,29,1610,4736.642857142858,2290,2435,10.194584846496582
284,bayg29,TSP,29,1610,4736.642857142858,2279,2424,9.123128890991211
285,bayg29,TSP,29,1610,4736.642857142858,2418,2563,12.696280479431152
286,bayg29,TSP,29,1610,4736.642857142858,2364,2509,9.78927493095398
287,bayg29,TSP,29,1610,4736.642857142858,2208,2353,9.241189241409302
288,bayg29,TSP,29,1610,4736.642857142858,2399,2544,9.337321758270264
289,bayg29,TSP,29,1610,4736.642857142858,2402,2547,11.536088705062866
290,bayg29,TSP,29,1610,4736.642857142858,2278,2423,11.348365783691406
291,bayg29,TSP,29,1610,4736.642857142858,2249,2394,13.603976964950562
292,bayg29,TSP,29,1610,4736.642857142858,2295,2440,9.294944047927856
293,bayg29,TSP,29,1610,4736.642857142858,2431,2576,9.51528787612915
294,bayg29,TSP,29,1610,4736.642857142858,2386,2531,8.604367017745972
295,bayg29,TSP,29,1610,4736.642857142858,2311,2456,11.868129014968872
296,bayg29,TSP,29,1610,4736.642857142858,2317,2462,11.090935230255127
297,bayg29,TSP,29,1610,4736.642857142858,2294,2439,8.783850908279419
298,bayg29,TSP,29,1610,4736.642857142858,2209,2354,13.60661005973816
299,bayg29,TSP,29,1610,4736.642857142858,2316,2461,8.990036487579346
300,bayg29,TSP,29,1610,4736.642857142858,2343,2488,8.601747512817383
301,gr21,TSP,21,2707,7641.6,3631,4011,7.016773223876953
302,gr21,TSP,21,2707,7641.6,3800,4180,5.025058269500732
303,gr21,TSP,21,2707,7641.6,3671,4051,12.00093126296997
304,gr21,TSP,21,2707,7641.6,3832,4212,5.336863279342651
305,gr21,TSP,21,2707,7641.6,3681,4061,5.1293909549713135
306,gr21,TSP,21,2707,7641.6,3736,4116,6.161167860031128
307,gr21,TSP,21,2707,7641.6,3558,3938,5.256700038909912
308,gr21,TSP,21,2707,7641.6,3533,3913,10.867947101593018
309,gr21,TSP,21,2707,7641.6,3686,4066,9.413097381591797
310,gr21,TSP,21,2707,7641.6,3793,4173,5.4519805908203125
311,gr21,TSP,21,2707,7641.6,3704,4084,8.886550188064575
312,gr21,TSP,21,2707,7641.6,3824,4204,7.574947118759155
313,gr21,TSP,21,2707,7641.6,3574,3954,5.874771356582642
314,gr21,TSP,21,2707,7641.6,3171,3551,4.8269853591918945
315,gr21,TSP,21,2707,7641.6,3436,3816,6.855200290679932
316,gr21,TSP,21,2707,7641.6,3686,4066,5.8596415519714355
317,gr21,TSP,21,2707,7641.6,3710,4090,6.64909291267395
318,gr21,TSP,21,2707,7641.6,3752,4132,8.706724405288696
319,gr21,TSP,21,2707,7641.6,3648,4028,6.851081371307373
320,gr21,TSP,21,2707,7641.6,3549,3929,4.599086284637451
321,gr21,TSP,21,2707,7641.6,3765,4145,11.467942237854004
322,gr21,TSP,21,2707,7641.6,3816,4196,6.8251729011535645
323,gr21,TSP,21,2707,7641.6,3640,4020,5.760370492935181
324,gr21,TSP,21,2707,7641.6,3578,3958,6.784657001495361
325,gr21,TSP,21,2707,7641.6,3722,4102,10.580338954925537
326,gr21,TSP,21,2707,7641.6,3305,3685,7.6354241371154785
327,gr21,TSP,21,2707,7641.6,3828,4208,6.932143211364746
328,gr21,TSP,21,2707,7641.6,3704,4084,7.987589597702026
329,gr21,TSP,21,2707,7641.6,3883,4263,7.895045518875122
330,gr21,TSP,21,2707,7641.6,3730,4110,11.826976776123047
331,gr21,TSP,21,2707,7641.6,3629,4009,4.805876016616821
332,gr21,TSP,21,2707,7641.6,4062,4442,4.593657493591309
333,gr21,TSP,21,2707,7641.6,3357,3737,4.77204966545105
334,gr21,TSP,21,2707,7641.6,3706,4086,6.264482259750366
335,gr21,TSP,21,2707,7641.6,3831,4211,4.671315908432007
336,gr21,TSP,21,2707,7641.6,3335,3715,6.606598615646362
337,gr21,TSP,21,2707,7641.6,3475,3855,5.841160297393799
338,gr21,TSP,21,2707,7641.6,3794,4174,5.3933069705963135
339,gr21,TSP,21,2707,7641.6,3585,3965,5.706828594207764
340,gr21,TSP,21,2707,7641.6,3782,4162,6.730972766876221
341,gr21,TSP,21,2707,7641.6,3125,3505,6.671093225479126
342,gr21,TSP,21,2707,7641.6,3296,3676,13.167701244354248
343,gr21,TSP,21,2707,7641.6,3309,3689,7.873023986816406
344,gr21,TSP,21,2707,7641.6,3549,3929,7.308015823364258
345,gr21,TSP,21,2707,7641.6,3797,4177,7.227149486541748
346,gr21,TSP,21,2707,7641.6,3477,3857,9.724174499511719
347,gr21,TSP,21,2707,7641.6,3718,4098,7.25282621383667
348,gr21,TSP,21,2707,7641.6,3695,4075,13.644951343536377
349,gr21,TSP,21,2707,7641.6,3746,4126,5.885273456573486
350,gr21,TSP,21,2707,7641.6,3602,3982,8.000163316726685
351,gr21,TSP,21,2707,7641.6,3635,4015,5.749743461608887
352,gr21,TSP,21,2707,7641.6,3807,4187,10.036212682723999
353,gr21,TSP,21,2707,7641.6,3401,3781,7.576601505279541
354,gr21,TSP,21,2707,7641.6,3758,4138,6.568296909332275
355,gr21,TSP,21,2707,7641.6,3704,4084,5.680906772613525
356,gr21,TSP,21,2707,7641.6,3622,4002,5.810550212860107
357,gr21,TSP,21,2707,7641.6,3780,4160,5.98955774307251
358,gr21,TSP,21,2707,7641.6,3235,3615,8.17133116722107
359,gr21,TSP,21,2707,7641.6,3530,3910,11.083695888519287
360,gr21,TSP,21,2707,7641.6,3587,3967,8.787043333053589
361,gr21,TSP,21,2707,7641.6,3703,4083,7.756824254989624
362,gr21,TSP,21,2707,7641.6,3507,3887,7.580878973007202
363,gr21,TSP,21,2707,7641.6,3730,4110,8.553584337234497
364,gr21,TSP,21,2707,7641.6,3728,4108,14.374656677246094
365,gr21,TSP,21,2707,7641.6,3904,4284,7.905017614364624
366,gr21,TSP,21,2707,7641.6,3634,4014,11.591826438903809
367,gr21,TSP,21,2707,7641.6,3821,4201,6.574585914611816
368,gr21,TSP,21,2707,7641.6,3813,4193,9.558932304382324
369,gr21,TSP,21,2707,7641.6,3706,4086,7.469512462615967
370,gr21,TSP,21,2707,7641.6,3490,3870,8.778237342834473
371,gr21,TSP,21,2707,7641.6,3567,3947,7.247721195220947
372,gr21,TSP,21,2707,7641.6,3718,4098,17.99942708015442
373,gr21,TSP,21,2707,7641.6,3522,3902,12.76308798789978
374,gr21,TSP,21,2707,7641.6,3169,3549,13.786954164505005
375,gr21,TSP,21,2707,7641.6,3847,4227,8.823575973510742
376,gr21,TSP,21,2707,7641.6,3597,3977,12.047369480133057
377,gr21,TSP,21,2707,7641.6,3524,3904,8.329989910125732
378,gr21,TSP,21,2707,7641.6,3590,3970,9.339757442474365
379,gr21,TSP,21,2707,7641.6,3682,4062,8.97119665145874
380,gr21,TSP,21,2707,7641.6,3590,3970,14.644630193710327
381,gr21,TSP,21,2707,7641.6,3550,3930,12.663086891174316
382,gr21,TSP,21,2707,7641.6,3553,3933,11.597908020019531
383,gr21,TSP,21,2707,7641.6,3838,4218,14.885846138000488
384,gr21,TSP,21,2707,7641.6,3867,4247,11.258348226547241
385,gr21,TSP,21,2707,7641.6,3636,4016,9.53967022895813
386,gr21,TSP,21,2707,7641.6,3747,4127,9.921597957611084
387,gr21,TSP,21,2707,7641.6,3929,4309,11.167020559310913
388,gr21,TSP,21,2707,7641.6,3419,3799,11.629180431365967
389,gr21,TSP,21,2707,7641.6,3622,4002,11.742027044296265
390,gr21,TSP,21,2707,7641.6,4058,4438,7.596026659011841
391,gr21,TSP,21,2707,7641.6,3460,3840,15.252521753311157
392,gr21,TSP,21,2707,7641.6,3705,4085,7.099247694015503
393,gr21,TSP,21,2707,7641.6,3561,3941,7.346952199935913
394,gr21,TSP,21,2707,7641.6,3880,4260,6.863136291503906
395,gr21,TSP,21,2707,7641.6,3549,3929,7.5859479904174805
396,gr21,TSP,21,2707,7641.6,3578,3958,7.364832878112793
397,gr21,TSP,21,2707,7641.6,3852,4232,11.299007654190063
398,gr21,TSP,21,2707,7641.6,3800,4180,6.487275838851929
399,gr21,TSP,21,2707,7641.6,3130,3510,7.060954570770264
400,gr21,TSP,21,2707,7641.6,3676,4056,8.437290668487549
